Cell_Line,N_train,N_test,N_models,Pct_sensitive,Consensus_AUC,AUC_AVALON_RF,AUC_AVALON_LR,AUC_AVALON_SVM,AUC_AVALON_XGB,AUC_ECFP_RF,AUC_ECFP_LR,AUC_ECFP_SVM,AUC_ECFP_XGB,AUC_MACCS_RF,AUC_MACCS_LR,AUC_MACCS_SVM,AUC_MACCS_XGB,Mean_CLASS_LAG,Mean_CONS_STD,Mean_CONS_STD_PROB,Pct_AD_STD_lt010,Pct_AD_STD_lt020,CL_cov001,CL_cov002,CL_cov003,CL_cov004,CL_cov005,CL_cov006,CL_cov007,CL_cov008,CL_cov009,CL_cov010,CL_cov020,CL_cov030,CL_cov040,CL_cov050,CL_cov060,CL_cov070,CL_cov080,CL_cov090,CL_cov100,CS_cov001,CS_cov002,CS_cov003,CS_cov004,CS_cov005,CS_cov006,CS_cov007,CS_cov008,CS_cov009,CS_cov010,CS_cov020,CS_cov030,CS_cov040,CS_cov050,CS_cov060,CS_cov070,CS_cov080,CS_cov090,CS_cov100,CSP_cov001,CSP_cov002,CSP_cov003,CSP_cov004,CSP_cov005,CSP_cov006,CSP_cov007,CSP_cov008,CSP_cov009,CSP_cov010,CSP_cov020,CSP_cov030,CSP_cov040,CSP_cov050,CSP_cov060,CSP_cov070,CSP_cov080,CSP_cov090,CSP_cov100
A427,309,78,12,60.21,0.5795,0.5403,0.5948,0.6144,0.626,0.5461,0.5221,0.3827,0.5614,0.5367,0.4546,0.4924,0.5192,0.3482,0.2169,0.2474,0.0,38.46,,,1.0,0.6667,0.6667,0.5,0.4,0.3333,0.5833,0.5833,0.5273,0.6296,0.5498,0.5296,0.5083,0.591,0.5951,0.5647,0.5795,0.0,0.0,0.0,0.0,0.0,0.3333,0.5,0.4,0.3333,0.3333,0.5333,0.4593,0.4273,0.5148,0.5686,0.58,0.5465,0.5362,0.5795,,,1.0,0.6667,0.6667,0.8333,0.75,0.7,0.8,0.8,0.6167,0.5156,0.5411,0.5657,0.5083,0.57,0.5951,0.5647,0.5795
A549,321,81,12,48.76,0.525,0.5525,0.5201,0.5595,0.5067,0.5354,0.4646,0.5287,0.6013,0.5226,0.5818,0.5415,0.5092,0.3633,0.2098,0.2699,0.0,43.21,0.0,0.0,0.5,0.6667,0.75,0.75,0.8,0.7,0.6667,0.6667,0.6571,0.6859,0.6434,0.6411,0.6313,0.5889,0.5634,0.5495,0.525,0.0,0.0,0.5,0.75,0.6667,0.6667,0.75,0.5,0.4667,0.3889,0.6,0.5844,0.6103,0.6048,0.58,0.5517,0.5559,0.5429,0.525,0.0,0.0,0.5,0.6667,0.75,0.75,0.75,0.75,0.7333,0.6667,0.6286,0.6859,0.6815,0.6167,0.6296,0.5776,0.5634,0.5586,0.525
ABC-1,308,78,12,43.52,0.501,0.5027,0.4997,0.5143,0.4468,0.5189,0.5282,0.507,0.5302,0.5429,0.485,0.5488,0.5561,0.3752,0.2256,0.2956,0.0,28.21,1.0,1.0,1.0,1.0,1.0,1.0,1.0,1.0,1.0,1.0,0.7333,0.7569,0.6602,0.5455,0.5673,0.5333,0.5163,0.5024,0.501,,,0.5,0.25,0.25,0.5,0.5556,0.5833,0.6667,0.6667,0.6667,0.6714,0.502,0.5,0.5513,0.5595,0.5323,0.5343,0.501,,,1.0,0.6667,0.6667,0.75,0.8,0.8,0.8,0.8,0.8095,0.7762,0.5952,0.5455,0.5385,0.5544,0.5163,0.5024,0.501
BEN,275,69,12,29.36,0.6587,0.567,0.5258,0.5665,0.5665,0.6766,0.6567,0.6954,0.6111,0.6438,0.6062,0.3343,0.6935,0.2747,0.1969,0.1553,0.0,53.62,,,,,,,,1.0,0.8333,0.8333,0.5758,0.3519,0.4271,0.546,0.6364,0.7327,0.6859,0.6481,0.6587,1.0,1.0,1.0,1.0,1.0,1.0,1.0,0.75,0.7,0.7,0.7,0.6556,0.6531,0.732,0.725,0.6351,0.6553,0.714,0.6587,,,,,,1.0,1.0,1.0,1.0,1.0,0.675,0.625,0.6212,0.6122,0.7302,0.7327,0.6859,0.6481,0.6587
CAL-12T,279,70,12,59.6,0.5855,0.5798,0.5107,0.5863,0.6168,0.6382,0.625,0.6768,0.5609,0.5847,0.4605,0.5156,0.6044,0.3491,0.2203,0.2562,0.0,34.29,,,1.0,1.0,1.0,1.0,1.0,0.6667,0.5,0.5,0.3778,0.4808,0.5348,0.6118,0.6068,0.61,0.6003,0.5735,0.5855,1.0,1.0,1.0,1.0,0.75,0.6667,0.6667,0.7778,0.75,0.75,0.4667,0.4519,0.5294,0.5136,0.5341,0.5281,0.5716,0.574,0.5855,1.0,1.0,1.0,1.0,1.0,0.6667,0.6667,0.5,0.5,0.5,0.4792,0.5556,0.5885,0.58,0.6068,0.569,0.5833,0.5735,0.5855
COR-L105,317,80,12,44.08,0.6905,0.7228,0.6381,0.6957,0.6784,0.7302,0.6669,0.6947,0.6944,0.6912,0.5748,0.6221,0.6746,0.3148,0.1992,0.2218,6.25,47.5,,,1.0,1.0,1.0,1.0,1.0,1.0,1.0,1.0,1.0,0.9,0.8259,0.7954,0.735,0.6785,0.7026,0.7008,0.6905,,,,,,,,1.0,1.0,1.0,1.0,0.9429,0.8651,0.8195,0.735,0.7152,0.7034,0.6752,0.6905,,,,,,,1.0,1.0,1.0,1.0,0.9833,0.8906,0.8532,0.8106,0.735,0.6917,0.7026,0.7008,0.6905
COR-L23,321,81,12,53.48,0.5355,0.5453,0.5373,0.4933,0.5881,0.5312,0.4896,0.4853,0.5312,0.4712,0.552,0.53,0.4621,0.3582,0.2199,0.2676,0.0,32.1,,,0.0,0.0,0.0,0.0,0.0,0.3333,0.2667,0.45,0.625,0.5714,0.5882,0.5478,0.5518,0.5325,0.5381,0.5347,0.5355,,,0.0,0.0,0.0,0.0,0.25,0.4,0.3333,0.2222,0.4,0.4931,0.594,0.5686,0.5552,0.5593,0.5777,0.5504,0.5355,0.0,0.0,0.0,0.0,0.3333,0.3333,0.3333,0.3333,0.2667,0.2222,0.6528,0.5714,0.5481,0.5478,0.565,0.5422,0.5326,0.5391,0.5355
Calu-3,321,81,12,23.13,0.7241,0.7155,0.6574,0.7181,0.6634,0.7264,0.6462,0.6522,0.7301,0.6589,0.6364,0.6664,0.6754,0.2034,0.1693,0.0991,29.63,61.73,,,,,,,,,,,0.8667,0.697,0.6857,0.6471,0.6389,0.6667,0.6787,0.6534,0.7241,,,,,,,,,,,0.7333,0.6515,0.5862,0.6303,0.5732,0.5787,0.6359,0.6316,0.7241,,,,,,,,,,,0.7333,0.7121,0.6929,0.6471,0.5762,0.6225,0.6443,0.6239,0.7241
Calu-6,339,85,12,37.26,0.4901,0.5493,0.4581,0.4815,0.4871,0.5376,0.5135,0.4464,0.4926,0.5517,0.5135,0.5289,0.5179,0.3574,0.2212,0.2674,0.0,36.47,,,0.0,0.3333,0.1667,0.1111,0.1111,0.0833,0.0667,0.0556,0.3788,0.3611,0.5568,0.4881,0.4689,0.5263,0.52,0.4781,0.4901,1.0,1.0,0.5,0.75,0.6667,0.4444,0.4444,0.4167,0.4667,0.3889,0.375,0.3856,0.2978,0.5069,0.5312,0.5276,0.5339,0.4933,0.4901,0.0,0.0,0.0,0.0,0.0,0.1111,0.1111,0.0833,0.3125,0.3,0.4857,0.4837,0.4962,0.4881,0.5084,0.5275,0.52,0.4781,0.4901
ChaGo-K-1,275,69,12,27.91,0.6895,0.6825,0.5556,0.5873,0.6052,0.5992,0.5734,0.6171,0.6101,0.6414,0.6359,0.6587,0.7173,0.2351,0.1666,0.1018,7.25,72.46,1.0,1.0,0.5,0.5,0.75,0.5,0.5,0.375,0.3,0.3,0.125,0.3148,0.5985,0.6581,0.5185,0.4278,0.5246,0.6419,0.6895,,,,,,0.75,0.75,0.6,0.6667,0.6667,0.4545,0.45,0.4924,0.537,0.511,0.4611,0.4687,0.6184,0.6895,,,,,,0.25,0.25,0.2,0.1667,0.1667,0.5,0.525,0.5227,0.5051,0.5421,0.4923,0.5265,0.6419,0.6895
EBC-1,318,80,12,46.23,0.5928,0.5925,0.5764,0.5852,0.6048,0.5562,0.4981,0.5189,0.6641,0.5515,0.4672,0.596,0.608,0.3847,0.2269,0.3117,0.0,30.0,1.0,1.0,1.0,1.0,1.0,1.0,1.0,1.0,1.0,1.0,0.7143,0.75,0.7542,0.6875,0.6298,0.6192,0.5951,0.607,0.5928,,,,,,,1.0,0.8333,0.8571,0.8571,0.7167,0.7929,0.6587,0.6086,0.5868,0.6288,0.5971,0.6006,0.5928,1.0,1.0,1.0,1.0,1.0,1.0,1.0,1.0,0.9167,0.9167,0.7692,0.8125,0.7542,0.6823,0.6279,0.6166,0.5951,0.607,0.5928
EKVX,334,84,12,14.35,0.7024,0.6572,0.6269,0.6945,0.5821,0.6602,0.5724,0.583,0.5663,0.6027,0.6488,0.6119,0.6646,0.1248,0.1171,0.0391,60.71,82.14,0.0,0.0,0.0,0.0,0.0,0.0,0.0,0.0,0.0,0.0,0.4,0.25,0.1875,0.5526,0.6558,0.5549,0.6683,0.6606,0.7024,0.0,0.0,0.0,0.0,0.0,0.0,0.0,0.0,0.0,0.0,0.0,0.0,0.4301,0.5461,0.6111,0.6644,0.7068,0.7028,0.7024,0.0,0.0,0.0,0.0,0.0,0.0,0.0,0.0,0.0,0.0,0.0,0.0,0.1875,0.3932,0.6494,0.6201,0.6241,0.6935,0.7024
EMC-BAC-1,253,64,12,52.05,0.5446,0.5579,0.5405,0.5621,0.5333,0.5805,0.5446,0.6205,0.5723,0.5374,0.4513,0.5138,0.5395,0.333,0.2084,0.2277,0.0,50.0,,,,,1.0,1.0,0.75,0.6,0.6,0.5,0.4545,0.5733,0.5333,0.5368,0.5371,0.5378,0.5311,0.5276,0.5446,1.0,1.0,1.0,0.5,0.5,0.5,0.6667,0.625,0.625,0.6667,0.6333,0.6533,0.6667,0.619,0.5861,0.5789,0.553,0.5417,0.5446,,,,1.0,0.6667,0.6667,0.75,0.6,0.6,0.5,0.4545,0.619,0.5414,0.5364,0.5528,0.5453,0.5295,0.5276,0.5446
EMC-BAC-2,300,75,12,59.73,0.6312,0.6133,0.5828,0.5689,0.5623,0.6694,0.585,0.6584,0.6598,0.6243,0.5975,0.5733,0.6136,0.3566,0.2255,0.272,0.0,29.33,,,1.0,1.0,0.6667,0.5,0.75,0.75,0.6,0.7333,0.6,0.55,0.6296,0.5754,0.6261,0.6068,0.6124,0.6084,0.6312,,,,,,0.5,0.5,0.5,0.5,0.5333,0.6667,0.6,0.6124,0.6725,0.6222,0.6242,0.6169,0.6414,0.6312,,,1.0,1.0,0.6667,0.5,0.75,0.75,0.6,0.5,0.64,0.5873,0.5837,0.5723,0.6056,0.6068,0.6124,0.6181,0.6312
EPLC-272H,322,81,12,68.24,0.6314,0.6279,0.5893,0.6114,0.5529,0.6893,0.5514,0.555,0.6664,0.6639,0.4943,0.6393,0.6807,0.2979,0.2066,0.1957,0.0,43.21,,,,,,,,,,1.0,0.8,0.627,0.5556,0.5364,0.4977,0.5183,0.6201,0.6522,0.6314,,,,,,,0.8,0.8333,0.8333,0.7143,0.6731,0.5526,0.5,0.5833,0.5796,0.5971,0.6418,0.6304,0.6314,,,,,,,,0.8333,0.8571,0.8571,0.8,0.627,0.5,0.4742,0.5449,0.5899,0.6201,0.6522,0.6314
H3255,307,77,12,23.96,0.5314,0.514,0.5405,0.5496,0.5149,0.5785,0.5818,0.6562,0.5835,0.5628,0.3694,0.5289,0.5091,0.2048,0.16,0.1003,32.47,64.94,0.0,0.0,0.0,0.5,0.5,0.6667,0.75,0.5,0.5,0.6,0.3175,0.2422,0.2677,0.3409,0.3429,0.3508,0.3512,0.4974,0.5314,0.0,0.0,0.0,0.5,0.5,0.6667,0.4444,0.5,0.5,0.375,0.25,0.1681,0.2677,0.2828,0.3333,0.3471,0.4443,0.4985,0.5314,0.0,0.0,0.0,0.5,0.5,0.6667,0.75,0.5,0.5,0.375,0.3175,0.2422,0.1685,0.2621,0.3959,0.3527,0.3512,0.4974,0.5314
HARA,321,81,12,58.71,0.6981,0.6247,0.6718,0.6678,0.6112,0.6112,0.6671,0.3268,0.6664,0.6247,0.5836,0.6813,0.6516,0.348,0.2142,0.249,0.0,44.44,,,,,,,1.0,0.8333,0.7143,0.8571,0.7308,0.7193,0.6978,0.6875,0.7137,0.7016,0.7284,0.7192,0.6981,,,0.0,0.0,0.3333,0.3333,0.3333,0.3333,0.4667,0.4444,0.7308,0.6825,0.65,0.7011,0.7386,0.7222,0.7024,0.716,0.6981,1.0,1.0,1.0,1.0,1.0,1.0,1.0,1.0,1.0,0.9444,0.5952,0.65,0.6484,0.7032,0.7005,0.7206,0.7284,0.7192,0.6981
HCC-15,322,81,12,27.79,0.5614,0.6389,0.5833,0.5936,0.5526,0.5987,0.6118,0.6235,0.6023,0.5033,0.5022,0.5175,0.5037,0.2411,0.169,0.1215,11.11,67.9,0.0,0.0,0.0,0.0,0.0,0.0,0.5,0.6667,0.5333,0.4444,0.2885,0.4841,0.4676,0.4788,0.4505,0.5032,0.5378,0.6035,0.5614,0.0,0.0,0.0,0.0,0.0,0.0,0.0,0.0,0.25,0.2143,0.2619,0.31,0.455,0.546,0.6061,0.5798,0.5789,0.5577,0.5614,0.0,0.0,0.0,0.0,0.0,0.0,0.0,0.3,0.25,0.2143,0.2885,0.29,0.405,0.4758,0.5327,0.5427,0.5366,0.6026,0.5614
HCC-366,204,52,12,22.66,0.4896,0.4714,0.5191,0.5278,0.599,0.4618,0.5156,0.5122,0.5,0.4601,0.5347,0.5,0.5156,0.1548,0.1354,0.0539,55.77,73.08,,,,,,1.0,1.0,0.75,0.75,0.875,0.7,0.3818,0.4388,0.5033,0.372,0.4406,0.4828,0.4567,0.4896,,,,0.0,0.0,0.0,0.0,0.0,0.0,0.0,0.3929,0.25,0.3333,0.4444,0.372,0.4406,0.4306,0.4958,0.4896,0.0,0.0,0.0,0.0,0.0,0.0,0.0,0.3333,0.3333,0.5,0.4333,0.45,0.3333,0.4097,0.372,0.4406,0.425,0.4567,0.4896
HCC-44,314,79,12,67.68,0.5323,0.5229,0.4729,0.574,0.5417,0.6042,0.7042,0.3771,0.5448,0.6297,0.3969,0.3198,0.5385,0.333,0.2212,0.2367,0.0,37.97,1.0,1.0,0.5,0.3333,0.3333,0.25,0.2,0.1667,0.1429,0.1429,0.0667,0.3636,0.7436,0.6494,0.688,0.6288,0.5852,0.5505,0.5323,,,,,,0.25,0.2,0.3333,0.4286,0.4286,0.2857,0.3409,0.4483,0.6537,0.5401,0.4781,0.5163,0.5626,0.5323,0.0,0.0,0.5,0.3333,0.3333,0.25,0.2,0.1667,0.1429,0.1429,0.5,0.3636,0.625,0.7204,0.6447,0.5899,0.5852,0.5505,0.5323
HCC-78,320,80,12,60.75,0.476,0.5994,0.5139,0.4023,0.5869,0.4861,0.4483,0.5355,0.5112,0.4787,0.3847,0.5179,0.4557,0.3741,0.2218,0.2915,0.0,32.5,,,,0.0,0.0,0.0,0.0,0.0,0.0,0.0,0.3333,0.4755,0.4802,0.5076,0.4574,0.4278,0.4667,0.4607,0.476,,,0.5,0.6667,0.6667,0.3333,0.2222,0.1667,0.2,0.2,0.5167,0.3906,0.4026,0.3874,0.4222,0.4231,0.4274,0.4548,0.476,,,,0.3333,0.3333,0.3333,0.3333,0.3333,0.25,0.25,0.2667,0.4,0.4802,0.5126,0.4839,0.4278,0.4646,0.4607,0.476
HCC-827,316,80,12,26.01,0.6262,0.6085,0.6661,0.6152,0.5545,0.6234,0.6223,0.6716,0.5968,0.665,0.4898,0.5494,0.6097,0.2474,0.1806,0.1286,11.25,62.5,,,,1.0,1.0,0.75,0.6,0.5,0.4286,0.4286,0.3929,0.4603,0.6,0.75,0.7458,0.6569,0.6055,0.6704,0.6262,,,,,,,,,0.4286,0.4286,0.2,0.4762,0.5446,0.6703,0.5641,0.6748,0.657,0.6246,0.6262,,,,,,,0.6,0.5,0.4286,0.4286,0.2,0.25,0.5852,0.6523,0.6782,0.665,0.6618,0.6471,0.6262
HOP-62,339,85,12,49.76,0.5769,0.5293,0.5753,0.4351,0.5106,0.5875,0.6254,0.3969,0.5758,0.5814,0.4933,0.5769,0.5713,0.3806,0.2255,0.3027,0.0,28.24,1.0,1.0,1.0,0.75,0.6667,0.625,0.625,0.6667,0.6875,0.7,0.6,0.6,0.619,0.5867,0.5745,0.5746,0.572,0.5772,0.5769,0.0,0.0,0.0,0.25,0.3333,0.4444,0.4444,0.3333,0.2667,0.2,0.2571,0.4083,0.4132,0.511,0.5423,0.5611,0.5694,0.5833,0.5769,,,1.0,0.75,0.6667,0.625,0.625,0.6667,0.6875,0.7,0.5857,0.6125,0.6023,0.5933,0.5714,0.5814,0.572,0.5772,0.5769
HOP-92,284,71,12,27.61,0.5514,0.5024,0.5067,0.6152,0.6048,0.5819,0.5257,0.44,0.5705,0.4676,0.5571,0.5019,0.4676,0.2525,0.1832,0.129,0.0,59.15,,,,,0.0,0.0,0.0,0.0,0.0,0.0,0.25,0.4062,0.3571,0.4808,0.4375,0.4636,0.3899,0.4931,0.5514,,,0.0,0.0,0.25,0.3333,0.3333,0.2222,0.25,0.1875,0.3704,0.4274,0.4389,0.3909,0.3667,0.3823,0.4385,0.4969,0.5514,,,,,0.3333,0.1667,0.1667,0.125,0.2,0.2667,0.32,0.5446,0.5278,0.3992,0.3788,0.4079,0.4402,0.457,0.5514
IA-LM,334,84,12,21.77,0.5399,0.5061,0.4583,0.5303,0.417,0.5777,0.4574,0.4996,0.5189,0.6567,0.6076,0.3986,0.626,0.2236,0.1817,0.1022,3.57,63.1,,,,,,,,,1.0,0.875,0.5333,0.6571,0.5536,0.5846,0.5634,0.4714,0.578,0.5366,0.5399,0.0,0.0,0.5,0.6667,0.75,0.8,0.8,0.6,0.5833,0.6429,0.4667,0.4762,0.4414,0.4861,0.5265,0.5887,0.6101,0.5366,0.5399,,,1.0,1.0,0.75,0.625,0.625,0.7,0.6667,0.5556,0.6346,0.6476,0.4759,0.4676,0.5707,0.5284,0.6151,0.5366,0.5399
KNS-62,246,62,12,32.47,0.4389,0.4389,0.4062,0.3927,0.5204,0.4063,0.5054,0.5652,0.3777,0.4226,0.5054,0.5054,0.4266,0.319,0.2117,0.2131,0.0,45.16,1.0,1.0,1.0,1.0,0.5,0.5,0.6667,0.6667,0.4444,0.3333,0.25,0.4103,0.4632,0.404,0.3786,0.3118,0.4241,0.452,0.4389,1.0,1.0,1.0,0.5,0.3333,0.3333,0.3333,0.3333,0.25,0.5,0.375,0.4524,0.373,0.3533,0.4,0.4963,0.4563,0.475,0.4389,1.0,1.0,1.0,0.5,0.5,0.5,0.3333,0.3333,0.25,0.2,0.4,0.3718,0.3889,0.404,0.4444,0.3747,0.4241,0.452,0.4389
LC-1-sq,287,72,12,27.58,0.5206,0.5931,0.4712,0.5679,0.5689,0.4979,0.4866,0.4733,0.4342,0.5715,0.5607,0.5,0.6193,0.2615,0.1882,0.1459,6.94,54.17,,,,,1.0,0.75,0.6,0.6,0.5,0.75,0.4167,0.4444,0.6548,0.6655,0.6179,0.5734,0.5789,0.5429,0.5206,1.0,1.0,1.0,1.0,0.6667,0.75,0.6,0.6,0.5,0.4286,0.5833,0.5294,0.5145,0.572,0.551,0.5466,0.5256,0.5191,0.5206,1.0,1.0,1.0,1.0,1.0,0.75,0.6,0.6,0.5,0.4286,0.4167,0.4583,0.5145,0.5089,0.5885,0.5714,0.5789,0.5429,0.5206
LC-2-ad,294,74,12,69.84,0.5624,0.6644,0.5921,0.4133,0.6101,0.6047,0.4816,0.4825,0.5624,0.5768,0.4915,0.3315,0.5669,0.2898,0.207,0.1741,0.0,47.3,,,,,,1.0,0.8,0.8,0.9,0.75,0.64,0.3556,0.5284,0.4722,0.5,0.5583,0.5814,0.5374,0.5624,,,1.0,1.0,0.5,0.3333,0.5556,0.5556,0.5,0.4375,0.537,0.5917,0.59,0.5385,0.5433,0.564,0.5284,0.5329,0.5624,,,,,0.6667,0.75,0.8,0.8,0.8333,0.8333,0.58,0.5446,0.5397,0.4563,0.3673,0.5168,0.6151,0.5374,0.5624
LCLC-103H,316,80,12,39.65,0.578,0.5681,0.5695,0.3812,0.6313,0.5958,0.5036,0.4325,0.5655,0.497,0.4858,0.5431,0.4852,0.362,0.2263,0.2718,0.0,37.5,,,1.0,0.6667,0.6667,0.5,0.75,0.6,0.7333,0.7333,0.5333,0.4844,0.6042,0.5356,0.6111,0.5653,0.5792,0.5885,0.578,,,,0.0,0.0,0.0,0.2,0.3333,0.25,0.25,0.4167,0.3579,0.3429,0.4046,0.4343,0.4266,0.5172,0.5694,0.578,,,,,,,0.2,0.3333,0.6667,0.6667,0.5167,0.4609,0.4203,0.5413,0.6167,0.5653,0.5589,0.5885,0.578
LCLC-97TM1,321,81,12,69.4,0.382,0.4451,0.5233,0.5075,0.4808,0.3313,0.513,0.5226,0.369,0.3995,0.415,0.4328,0.3971,0.3003,0.2041,0.1929,1.23,40.74,1.0,1.0,0.5,0.3333,0.25,0.25,0.625,0.5,0.6667,0.5556,0.5694,0.4805,0.4662,0.415,0.4655,0.4962,0.4075,0.4034,0.382,1.0,1.0,1.0,0.75,0.8333,0.8333,0.875,0.8333,0.8125,0.7,0.7714,0.6218,0.4889,0.4807,0.4431,0.4348,0.3675,0.3648,0.382,1.0,1.0,0.5,0.75,0.6667,0.6667,0.625,0.6,0.6667,0.5556,0.6806,0.5577,0.5259,0.5024,0.4915,0.4338,0.4075,0.4034,0.382
LK-2,320,80,12,49.75,0.4752,0.5693,0.4662,0.4932,0.4739,0.5493,0.5152,0.5319,0.5326,0.4468,0.452,0.4336,0.4442,0.3717,0.2213,0.2863,0.0,37.5,1.0,1.0,1.0,1.0,1.0,1.0,1.0,0.7,0.75,0.75,0.6875,0.5833,0.5238,0.504,0.49,0.4893,0.4927,0.4846,0.4752,1.0,1.0,0.5,0.3333,0.3333,0.5,0.375,0.3333,0.4,0.4,0.3818,0.437,0.5022,0.4478,0.4744,0.4816,0.4919,0.4762,0.4752,1.0,1.0,1.0,1.0,1.0,1.0,1.0,0.7,0.75,0.75,0.7179,0.5648,0.5325,0.5093,0.4864,0.4906,0.4938,0.4846,0.4752
LOU-NH91,321,81,12,30.1,0.5989,0.551,0.5788,0.6283,0.5544,0.5663,0.5939,0.6536,0.5375,0.6899,0.5344,0.7078,0.6252,0.2466,0.1816,0.1201,12.35,56.79,,,,,1.0,1.0,1.0,0.8,0.6667,0.5714,0.6167,0.5159,0.5652,0.641,0.6707,0.6343,0.6277,0.619,0.5989,0.0,0.0,0.5,0.6667,0.6667,0.6667,0.75,0.7,0.6667,0.7143,0.65,0.6838,0.623,0.645,0.6667,0.6036,0.611,0.5915,0.5989,,,1.0,1.0,1.0,1.0,0.8,0.8,0.6667,0.5714,0.5577,0.5397,0.627,0.6051,0.6854,0.685,0.6257,0.5977,0.5989
LU-65,342,86,12,23.13,0.5277,0.5178,0.4864,0.5033,0.5146,0.4066,0.5596,0.5352,0.462,0.6216,0.6516,0.4047,0.5221,0.2557,0.198,0.1453,1.16,52.33,,,,,,1.0,0.8333,0.8333,0.7143,0.625,0.7778,0.6381,0.5115,0.5357,0.5476,0.4686,0.519,0.4982,0.5277,1.0,1.0,1.0,1.0,1.0,0.875,0.9,0.9,0.9167,0.9286,0.8444,0.6667,0.5969,0.525,0.4432,0.4017,0.4687,0.5053,0.5277,,,,,,,,,,,0.5938,0.7167,0.6173,0.5429,0.4858,0.4686,0.5175,0.4982,0.5277
LU-99A,316,79,12,36.46,0.6462,0.666,0.6476,0.307,0.5652,0.6509,0.6397,0.6476,0.5672,0.5863,0.5889,0.666,0.6476,0.3036,0.2017,0.1815,0.0,46.84,,,,,,,,1.0,0.8571,0.8571,0.6667,0.7891,0.6623,0.5755,0.5801,0.5775,0.6711,0.6407,0.6462,0.0,0.0,0.5,0.6667,0.6667,0.5,0.4,0.5,0.5,0.5,0.4792,0.5093,0.5758,0.5897,0.6167,0.619,0.6707,0.6563,0.6462,,,,,,1.0,1.0,0.8333,0.7143,0.7143,0.7083,0.6303,0.6147,0.5208,0.5434,0.5761,0.6721,0.6407,0.6462
LXF-289,342,86,12,63.55,0.6252,0.5866,0.6179,0.535,0.5894,0.5434,0.7003,0.5992,0.4857,0.5485,0.605,0.484,0.5367,0.306,0.1985,0.1893,0.0,48.84,1.0,1.0,0.5,0.3333,0.25,0.2,0.1667,0.1667,0.5833,0.5,0.7013,0.4653,0.436,0.5443,0.5479,0.569,0.5648,0.6273,0.6252,,,,1.0,1.0,1.0,0.9167,0.9167,0.9333,0.9444,0.7013,0.5817,0.5906,0.5246,0.5462,0.5854,0.6,0.6458,0.6252,,,0.5,0.3333,0.25,0.2,0.1667,0.1667,0.1429,0.5714,0.7013,0.5556,0.496,0.541,0.5479,0.5402,0.5648,0.6273,0.6252
NCI-H1155,341,86,12,52.22,0.4321,0.5033,0.3633,0.4929,0.4566,0.5603,0.503,0.5161,0.4975,0.4572,0.4528,0.4817,0.389,0.3657,0.2224,0.2819,1.16,30.23,1.0,1.0,1.0,1.0,0.6667,0.5556,0.5,0.5,0.625,0.55,0.4625,0.4125,0.3947,0.3733,0.3794,0.4033,0.4343,0.4421,0.4321,,,1.0,0.75,0.8333,0.6667,0.5833,0.5833,0.5,0.45,0.5,0.4424,0.4704,0.4693,0.4554,0.4665,0.4578,0.4312,0.4321,1.0,1.0,1.0,0.75,0.6667,0.5556,0.5,0.5,0.5625,0.55,0.5062,0.4242,0.3767,0.3838,0.3909,0.4044,0.4291,0.4421,0.4321
NCI-H1299,324,82,12,30.05,0.4583,0.4233,0.3757,0.4597,0.455,0.4418,0.5033,0.5284,0.4802,0.4719,0.4735,0.4788,0.4504,0.2876,0.2008,0.1748,3.66,46.34,0.0,0.0,0.0,0.0,0.0,0.0,0.0,0.0,0.0,0.5,0.5667,0.6467,0.5808,0.5325,0.3915,0.4291,0.4722,0.4752,0.4583,,,0.5,0.6667,0.75,0.75,0.6,0.3,0.25,0.2857,0.2333,0.4603,0.4917,0.5026,0.4688,0.4968,0.4641,0.4258,0.4583,,,0.0,0.5,0.5,0.5,0.5,0.4,0.4167,0.4286,0.5192,0.4603,0.4217,0.4897,0.4367,0.4305,0.503,0.4752,0.4583
NCI-H1355,342,86,12,27.8,0.7,0.6516,0.6449,0.3609,0.7,0.6397,0.6596,0.3173,0.5795,0.6397,0.6378,0.3103,0.5917,0.2864,0.2091,0.18,1.16,46.51,,,,,,1.0,1.0,1.0,0.8333,0.7143,0.3778,0.4952,0.5255,0.4857,0.5543,0.5866,0.612,0.6259,0.7,0.0,0.0,0.5,0.6667,0.75,0.8,0.8,0.8,0.8333,0.8571,0.6071,0.4571,0.5972,0.5621,0.5277,0.6524,0.6547,0.6885,0.7,,,,,,,,,,0.875,0.6154,0.4762,0.4655,0.5392,0.5521,0.6232,0.6109,0.5995,0.7
NCI-H1435,316,80,12,23.74,0.6771,0.6622,0.6443,0.7121,0.6734,0.6808,0.7217,0.7083,0.6756,0.6544,0.4926,0.5938,0.5848,0.2216,0.1771,0.1084,22.5,60.0,1.0,1.0,0.5,0.3333,0.3333,0.25,0.625,0.5,0.4167,0.4167,0.3846,0.4737,0.4551,0.5273,0.55,0.585,0.5741,0.5957,0.6771,,,1.0,1.0,1.0,0.6667,0.75,0.7,0.5833,0.5833,0.4375,0.4211,0.5257,0.5663,0.4872,0.5796,0.6107,0.6732,0.6771,,,0.5,0.6667,0.6667,0.5,0.4,0.3,0.5333,0.5333,0.5,0.4526,0.5257,0.5117,0.5368,0.5832,0.5755,0.5957,0.6771
NCI-H1437,276,70,12,52.6,0.5856,0.5803,0.5905,0.5807,0.5708,0.6011,0.6388,0.4939,0.6151,0.6208,0.475,0.5565,0.5291,0.3717,0.2184,0.2847,0.0,35.71,1.0,1.0,1.0,1.0,1.0,1.0,1.0,1.0,1.0,1.0,0.9167,0.9,0.7959,0.719,0.6522,0.6069,0.6,0.5923,0.5856,,,1.0,1.0,1.0,1.0,1.0,1.0,1.0,1.0,0.7,0.8365,0.8182,0.7517,0.6921,0.6378,0.6128,0.5939,0.5856,,,1.0,1.0,1.0,1.0,1.0,1.0,1.0,1.0,0.9167,0.8269,0.7846,0.7039,0.6412,0.6173,0.6,0.5923,0.5856
NCI-H1563,321,81,12,31.09,0.5693,0.5497,0.5447,0.473,0.5701,0.6371,0.5177,0.5871,0.53,0.5331,0.5478,0.5786,0.5871,0.2891,0.1931,0.1675,0.0,54.32,,,,1.0,0.75,0.75,0.6,0.5,0.75,0.6429,0.4615,0.4737,0.4066,0.4653,0.4333,0.5889,0.6419,0.6136,0.5693,,,0.0,0.0,0.25,0.25,0.4,0.5,0.5,0.6111,0.5,0.5476,0.4341,0.5152,0.4955,0.5299,0.5213,0.5323,0.5693,0.0,0.0,0.5,0.6667,0.75,0.75,0.8,0.8,0.8333,0.7222,0.381,0.4825,0.485,0.4583,0.4928,0.5175,0.6111,0.6136,0.5693
NCI-H1568,322,81,12,25.81,0.4279,0.4471,0.4459,0.4213,0.4902,0.4525,0.4254,0.5057,0.35,0.5156,0.3779,0.4598,0.4689,0.2405,0.1805,0.1253,20.99,53.09,1.0,1.0,0.5,0.3333,0.6667,0.6667,0.7778,0.5833,0.6875,0.55,0.5571,0.375,0.3241,0.3939,0.5137,0.5059,0.4634,0.404,0.4279,,,,,,,,0.1667,0.3333,0.2857,0.3333,0.3095,0.338,0.4253,0.3514,0.397,0.4171,0.4212,0.4279,,,,0.3333,0.25,0.25,0.2,0.1667,0.3333,0.3889,0.4242,0.375,0.255,0.3818,0.4252,0.5044,0.4314,0.4386,0.4279
NCI-H1573,266,67,12,16.82,0.3561,0.2886,0.2985,0.4182,0.35,0.4167,0.4576,0.5121,0.4303,0.4258,0.4439,0.3197,0.4076,0.1597,0.1549,0.0649,40.3,68.66,1.0,1.0,1.0,1.0,1.0,0.5,0.5,0.625,0.7,0.7,0.1556,0.2444,0.2643,0.2933,0.3194,0.269,0.2272,0.3382,0.3561,,,0.0,0.0,0.0,0.0,0.0,0.0,0.0,0.0,0.2444,0.2959,0.2643,0.1958,0.3125,0.269,0.3045,0.3364,0.3561,0.0,0.0,0.0,0.0,0.0,0.0,0.0,0.3333,0.25,0.25,0.125,0.3163,0.2643,0.1958,0.2311,0.269,0.3068,0.3382,0.3561
NCI-H1581,338,85,12,55.08,0.6773,0.6525,0.6355,0.6232,0.6605,0.6544,0.6159,0.619,0.602,0.6343,0.6488,0.6157,0.6288,0.3655,0.2112,0.274,0.0,41.18,,,1.0,1.0,1.0,1.0,1.0,1.0,1.0,1.0,0.9,0.8562,0.807,0.75,0.7692,0.7208,0.7108,0.6883,0.6773,,,,,0.0,0.375,0.375,0.5,0.6667,0.7222,0.7885,0.812,0.7549,0.6991,0.6516,0.6768,0.6966,0.6764,0.6773,,,,1.0,1.0,1.0,1.0,1.0,1.0,1.0,0.9333,0.8312,0.814,0.7835,0.7569,0.7356,0.6979,0.6883,0.6773
NCI-H1623,322,81,12,29.78,0.5636,0.6503,0.6021,0.6392,0.5629,0.5811,0.5615,0.5727,0.5818,0.5636,0.5643,0.4692,0.5469,0.2719,0.1904,0.1421,2.47,59.26,,,,,,,,1.0,0.8571,0.9286,0.6346,0.6032,0.5783,0.5797,0.5833,0.5762,0.5814,0.5443,0.5636,,,,,,,0.8,0.8333,0.5833,0.6429,0.5577,0.4561,0.4769,0.4909,0.5294,0.4909,0.5167,0.5409,0.5636,,,,,,,,,0.5714,0.625,0.6667,0.6103,0.5093,0.4818,0.5061,0.537,0.5519,0.5443,0.5636
NCI-H1648,292,73,12,57.53,0.6285,0.6544,0.6121,0.6603,0.6622,0.6826,0.5219,0.6591,0.5854,0.6258,0.5533,0.6105,0.5337,0.3527,0.2229,0.2662,0.0,35.62,,,,,,1.0,1.0,1.0,1.0,1.0,0.76,0.6562,0.6023,0.6367,0.6518,0.6682,0.6607,0.6598,0.6285,,,,,,,,,0.6667,0.5714,0.6111,0.7232,0.6746,0.66,0.6253,0.5946,0.6115,0.6234,0.6285,,,,,,,1.0,1.0,1.0,1.0,0.76,0.6458,0.68,0.6603,0.6095,0.6547,0.6619,0.6598,0.6285
NCI-H1650,334,84,12,16.03,0.6173,0.6199,0.5673,0.4255,0.6449,0.6163,0.4745,0.4888,0.5122,0.5439,0.5857,0.4469,0.6429,0.1513,0.1388,0.0544,53.57,76.19,,,,,,,,,,1.0,0.5,0.5417,0.5699,0.6991,0.6136,0.6422,0.5443,0.6159,0.6173,,,,,,,,,,,0.9375,0.6232,0.6667,0.7306,0.6104,0.576,0.5914,0.6198,0.6173,,,,,,,,,,,0.4375,0.5208,0.6667,0.7037,0.6104,0.5784,0.5983,0.572,0.6173
NCI-H1651,321,81,12,35.07,0.5295,0.5497,0.5117,0.5933,0.4931,0.5679,0.5213,0.5535,0.5165,0.4949,0.6159,0.6097,0.5123,0.2963,0.1954,0.1828,3.7,55.56,1.0,1.0,1.0,0.5,0.3333,0.3333,0.25,0.2,0.1667,0.1429,0.5,0.4298,0.6074,0.6058,0.6011,0.5905,0.5539,0.5289,0.5295,1.0,1.0,1.0,0.5,0.3333,0.3333,0.25,0.2,0.1667,0.1429,0.3571,0.51,0.56,0.6374,0.6118,0.5882,0.5606,0.5213,0.5295,1.0,1.0,1.0,0.5,0.3333,0.3333,0.25,0.2,0.1667,0.1429,0.0667,0.4912,0.5139,0.5632,0.638,0.6204,0.5539,0.5289,0.5295
NCI-H1666,337,85,12,22.27,0.7059,0.6535,0.6142,0.6358,0.6739,0.6626,0.6125,0.6626,0.6704,0.596,0.5614,0.6211,0.6436,0.2146,0.1748,0.0997,20.0,62.35,,,,,,,,,,,1.0,0.64,0.7419,0.6859,0.7296,0.7516,0.7396,0.7029,0.7059,,,,,,,,,,,,0.96,0.825,0.7838,0.75,0.7904,0.7413,0.7541,0.7059,,,,,,,,,,,,0.6,0.825,0.7368,0.7037,0.79,0.7396,0.7029,0.7059
NCI-H1693,281,71,12,18.47,0.5185,0.5523,0.5468,0.5261,0.4815,0.4771,0.4129,0.4521,0.5087,0.5212,0.5523,0.4728,0.4423,0.1828,0.1519,0.0917,50.7,69.01,1.0,1.0,0.5,0.5,0.3333,0.25,0.25,0.2,0.6,0.5,0.2308,0.5833,0.7202,0.6008,0.5333,0.5307,0.4895,0.4657,0.5185,,,,,,,,,,,0.0714,0.5556,0.558,0.5967,0.5364,0.4848,0.4444,0.5048,0.5185,,,,,,,,0.2,0.1667,0.1429,0.1923,0.6706,0.587,0.5967,0.5881,0.4848,0.4895,0.4657,0.5185
NCI-H1703,266,67,12,52.25,0.4472,0.4375,0.4981,0.4449,0.4778,0.4259,0.4333,0.4833,0.4269,0.4903,0.4231,0.4463,0.5046,0.3662,0.2238,0.2813,0.0,28.36,,,0.5,0.5,0.5,0.5,0.5,0.5,0.4167,0.4167,0.4167,0.4259,0.4,0.425,0.4103,0.4032,0.4286,0.4347,0.4472,0.0,0.0,0.0,0.0,0.0,0.0,0.0,0.0,0.1667,0.1667,0.325,0.3265,0.4012,0.4015,0.4066,0.4333,0.4162,0.4289,0.4472,,,0.5,0.5,0.5,0.5,0.5,0.5,0.4167,0.4167,0.375,0.4444,0.4,0.4103,0.4103,0.4215,0.4286,0.4347,0.4472
NCI-H1734,260,66,12,49.39,0.5115,0.5599,0.5475,0.5005,0.53,0.4369,0.4359,0.3982,0.4406,0.6014,0.4378,0.5618,0.5115,0.3635,0.2154,0.2718,0.0,45.45,,,,0.0,0.3333,0.3333,0.3333,0.5,0.5,0.6,0.4222,0.4141,0.4056,0.4173,0.4501,0.4667,0.4839,0.5056,0.5115,0.0,0.0,0.0,0.0,0.0,0.0,0.0,0.0,0.0,0.0833,0.4082,0.43,0.467,0.4222,0.4185,0.4545,0.4729,0.4928,0.5115,,,,0.0,0.0,0.0,0.1667,0.375,0.375,0.4167,0.475,0.4141,0.4167,0.4037,0.445,0.4667,0.487,0.5056,0.5115
NCI-H1755,321,81,12,41.54,0.7481,0.6781,0.6235,0.6494,0.6802,0.6759,0.6136,0.6611,0.6716,0.7568,0.6623,0.7173,0.7142,0.36,0.2183,0.2742,0.0,34.57,,,,,,,,,1.0,1.0,0.8182,0.7917,0.7727,0.7698,0.7742,0.7486,0.7671,0.7614,0.7481,,,,,1.0,1.0,1.0,1.0,1.0,0.9444,0.9143,0.8611,0.8016,0.759,0.7534,0.7525,0.732,0.7432,0.7481,,,,,,,1.0,1.0,1.0,1.0,0.7308,0.7917,0.7851,0.7698,0.7706,0.7649,0.7671,0.7614,0.7481
NCI-H1770,298,75,12,44.5,0.4861,0.5381,0.6422,0.4963,0.5469,0.4883,0.4194,0.445,0.4538,0.4732,0.4861,0.5227,0.4362,0.374,0.2218,0.2909,0.0,33.33,1.0,1.0,0.5,0.5,0.3333,0.25,0.2,0.2,0.1667,0.1429,0.4773,0.525,0.5024,0.563,0.542,0.5015,0.4642,0.4779,0.4861,0.0,0.0,0.0,0.0,0.0,0.1667,0.25,0.25,0.2,0.3333,0.4815,0.4167,0.43,0.4554,0.4538,0.4667,0.4536,0.4551,0.4861,1.0,1.0,0.5,0.5,0.3333,0.6667,0.625,0.625,0.6,0.5,0.4773,0.4732,0.5024,0.5341,0.4897,0.4971,0.4815,0.4652,0.4861
NCI-H1781,322,81,12,31.76,0.5797,0.5676,0.5899,0.6053,0.614,0.595,0.5022,0.5563,0.5577,0.5168,0.5475,0.5746,0.5987,0.2956,0.2055,0.1901,0.0,43.21,,,1.0,0.6667,0.5,0.5,0.4,0.7,0.5833,0.5,0.6,0.5714,0.6,0.5455,0.6059,0.6182,0.6067,0.5918,0.5797,,,,,0.5,0.5,0.4,0.3333,0.2857,0.25,0.5385,0.4649,0.44,0.5061,0.4572,0.5016,0.5221,0.5659,0.5797,,,,0.6667,0.5,0.5,0.4,0.3333,0.2857,0.25,0.6,0.5397,0.475,0.5394,0.5321,0.5897,0.5835,0.6122,0.5797
NCI-H1792,320,81,12,62.84,0.4152,0.4602,0.4298,0.5468,0.5461,0.5965,0.4744,0.4949,0.5395,0.4013,0.3501,0.3516,0.3991,0.3593,0.2099,0.2582,1.23,40.74,,,,1.0,0.75,0.75,0.875,0.9167,0.9375,0.75,0.6,0.4583,0.5462,0.5103,0.489,0.4878,0.4641,0.4127,0.4152,,,1.0,0.5,0.6667,0.6667,0.4444,0.5,0.375,0.4,0.6818,0.5779,0.5113,0.5221,0.4357,0.4131,0.4794,0.4439,0.4152,,,,1.0,1.0,1.0,1.0,0.9167,0.8,0.8,0.4697,0.5467,0.4421,0.545,0.4871,0.5159,0.4651,0.4339,0.4152
NCI-H1793,316,80,12,10.61,0.6284,0.5732,0.5878,0.4775,0.5541,0.6059,0.6532,0.6171,0.6171,0.5507,0.6081,0.5248,0.5428,0.0924,0.1006,0.0237,67.5,83.75,1.0,1.0,0.5,0.3333,0.3333,0.25,0.2,0.1667,0.1429,0.1429,0.0667,0.0435,0.0323,0.0256,0.4783,0.6038,0.7017,0.6179,0.6284,,,0.5,0.3333,0.3333,0.25,0.2,0.1667,0.1429,0.1429,0.0667,0.0435,0.0323,0.5132,0.4674,0.5786,0.6814,0.6179,0.6284,,,,,,,,,,,0.0,0.0435,0.0323,0.5132,0.4674,0.5912,0.6915,0.6179,0.6284
NCI-H1838,288,73,12,4.99,0.1739,0.183,0.3623,0.6884,0.2717,0.337,0.3696,0.6268,0.2899,0.2228,0.2464,0.8152,0.1739,0.0549,0.0674,0.0193,82.19,91.78,0.0,0.0,0.0,0.0,0.0,0.0,0.0,0.0,0.0,0.0,0.2692,0.4561,0.4615,0.3636,0.3,0.25,0.2182,0.1935,0.1739,,,0.0,0.0,0.0,0.0,0.0,0.0,0.0,0.25,0.1538,0.15,0.3333,0.2745,0.3,0.25,0.2182,0.1935,0.1739,,,,,,,,,0.0,0.0,0.2692,0.2,0.2593,0.25,0.2375,0.2344,0.2182,0.1935,0.1739
NCI-H1869,334,84,12,26.08,0.643,0.581,0.6034,0.5726,0.5858,0.6136,0.6371,0.6452,0.6569,0.5979,0.5909,0.6312,0.6004,0.2554,0.1845,0.1403,10.71,54.76,,,,,1.0,0.8,0.8,0.6667,0.5714,0.7857,0.4762,0.5143,0.4643,0.3611,0.5707,0.6171,0.6632,0.6848,0.643,,,,,,0.8,0.8,0.8333,0.8571,0.875,0.5769,0.5417,0.5185,0.5791,0.5341,0.5133,0.5761,0.638,0.643,,,,,,,,,0.5714,0.7857,0.6667,0.5667,0.4524,0.5331,0.5634,0.5745,0.6322,0.6848,0.643
NCI-H1915,322,81,12,33.75,0.5725,0.6203,0.5575,0.5706,0.6,0.5974,0.7059,0.6784,0.5235,0.4435,0.5438,0.5127,0.4758,0.3142,0.2038,0.2119,1.23,43.21,,,,1.0,0.75,0.75,0.875,0.7,0.5833,0.7222,0.5833,0.5588,0.6071,0.5082,0.4922,0.5332,0.5611,0.5614,0.5725,0.0,0.0,0.5,0.6667,0.75,0.75,0.6,0.5,0.5,0.5,0.5167,0.5809,0.5476,0.545,0.6446,0.6036,0.578,0.5684,0.5725,1.0,1.0,1.0,1.0,0.75,0.75,0.6,0.7,0.5833,0.5,0.4423,0.5903,0.5413,0.5082,0.5227,0.5332,0.5381,0.5614,0.5725
NCI-H1944,322,81,12,59.8,0.5223,0.492,0.4879,0.4949,0.4668,0.4611,0.5663,0.5179,0.4943,0.5402,0.4936,0.5217,0.5051,0.3589,0.2204,0.2669,0.0,38.27,,,0.0,0.3333,0.5,0.5,0.6,0.3,0.4167,0.2778,0.2917,0.2153,0.2645,0.2529,0.3353,0.4058,0.4695,0.5141,0.5223,,,,,,,,0.5,0.6667,0.7143,0.7143,0.3889,0.4524,0.4718,0.5293,0.5606,0.5108,0.531,0.5223,,,0.0,0.0,0.0,0.0,0.0,0.0,0.0,0.0,0.1857,0.2639,0.2603,0.2529,0.3275,0.427,0.4695,0.5141,0.5223
NCI-H1975,342,86,12,48.83,0.6207,0.625,0.5283,0.6397,0.6027,0.6266,0.5897,0.6201,0.6674,0.6084,0.5489,0.6318,0.4842,0.373,0.2231,0.2868,0.0,31.4,,,1.0,1.0,1.0,1.0,1.0,1.0,1.0,1.0,0.7625,0.7091,0.6875,0.6732,0.6657,0.6439,0.6385,0.6286,0.6207,1.0,1.0,0.5,0.75,0.6667,0.75,0.7,0.7,0.6667,0.7143,0.8148,0.7917,0.6809,0.6196,0.6391,0.6472,0.6419,0.6336,0.6207,1.0,1.0,1.0,1.0,1.0,1.0,1.0,1.0,1.0,1.0,0.7792,0.6607,0.6513,0.6623,0.6577,0.6492,0.6414,0.6279,0.6207
NCI-H1993,320,81,12,24.19,0.4775,0.596,0.506,0.4475,0.518,0.5607,0.4918,0.515,0.5405,0.4741,0.4655,0.4873,0.4723,0.2151,0.174,0.1094,25.93,59.26,1.0,1.0,0.5,0.3333,0.25,0.25,0.2,0.6,0.5,0.6667,0.4,0.5147,0.4783,0.4741,0.5078,0.4941,0.5178,0.5062,0.4775,0.0,0.0,0.0,0.3333,0.25,0.25,0.2,0.1667,0.4167,0.6111,0.5167,0.4706,0.4815,0.5165,0.5473,0.5242,0.5144,0.4744,0.4775,1.0,1.0,0.5,0.3333,0.25,0.25,0.2,0.6,0.5833,0.7222,0.4,0.4286,0.5331,0.5192,0.5098,0.5299,0.5178,0.5062,0.4775
NCI-H2009,265,67,12,36.14,0.4269,0.4303,0.3686,0.461,0.4387,0.4684,0.4931,0.5059,0.4555,0.4842,0.583,0.5,0.4348,0.33,0.1997,0.2179,0.0,50.75,1.0,1.0,1.0,1.0,0.5,0.3333,0.3333,0.5556,0.6667,0.6667,0.6042,0.4537,0.6264,0.5158,0.529,0.5148,0.4704,0.4214,0.4269,0.0,0.0,0.0,0.0,0.3333,0.25,0.25,0.2,0.1667,0.1667,0.375,0.3981,0.4278,0.4821,0.4359,0.449,0.4316,0.4452,0.4269,1.0,1.0,1.0,1.0,0.5,0.3333,0.3333,0.25,0.2,0.2,0.3958,0.5091,0.5,0.5298,0.529,0.513,0.4704,0.4214,0.4269
NCI-H2023,315,79,12,29.44,0.5541,0.5052,0.5593,0.5022,0.5563,0.5704,0.5652,0.5422,0.5289,0.6026,0.4607,0.5681,0.5867,0.2719,0.1972,0.1608,2.53,54.43,0.0,0.0,0.0,0.0,0.0,0.0,0.0,0.0,0.0,0.0,0.6182,0.4722,0.4896,0.6325,0.5252,0.576,0.5825,0.5355,0.5541,0.0,0.0,0.0,0.0,0.0,0.5,0.375,0.4,0.6,0.6,0.6545,0.5546,0.5818,0.5655,0.5818,0.54,0.5263,0.475,0.5541,0.0,0.0,0.0,0.0,0.0,0.0,0.5,0.5,0.5,0.5,0.5417,0.6328,0.5652,0.5893,0.5252,0.576,0.5814,0.5355,0.5541
NCI-H2030,273,69,12,54.68,0.5,0.4679,0.4598,0.5026,0.5009,0.5376,0.4872,0.5342,0.465,0.4513,0.5222,0.5393,0.5214,0.3553,0.2163,0.2614,0.0,33.33,1.0,1.0,1.0,1.0,0.5,0.6667,0.6667,0.4444,0.5,0.5,0.5778,0.5192,0.508,0.52,0.5195,0.5119,0.5117,0.5143,0.5,,,1.0,1.0,1.0,0.75,0.75,0.6,0.4,0.4,0.4375,0.5818,0.5573,0.5164,0.5046,0.519,0.5065,0.5165,0.5,1.0,1.0,1.0,1.0,0.5,0.5,0.5,0.5556,0.5833,0.5833,0.4583,0.5364,0.508,0.5167,0.524,0.5253,0.5117,0.5143,0.5
NCI-H2085,299,75,12,37.97,0.5196,0.4918,0.4969,0.4647,0.5247,0.4835,0.4639,0.4843,0.5161,0.5538,0.544,0.5353,0.5557,0.338,0.2255,0.2459,0.0,33.33,,,1.0,1.0,0.6667,0.5,0.4,0.4,0.7,0.5833,0.7778,0.6429,0.485,0.404,0.4207,0.4869,0.5037,0.5331,0.5196,0.0,0.0,0.0,0.0,0.0,0.0,0.3333,0.3333,0.5,0.5,0.46,0.4902,0.4432,0.431,0.4839,0.4579,0.4801,0.5066,0.5196,1.0,1.0,1.0,1.0,1.0,1.0,0.8889,0.8889,0.8333,0.8,0.66,0.4732,0.4339,0.3464,0.4159,0.4493,0.5037,0.5121,0.5196
NCI-H2087,320,81,12,32.92,0.4842,0.4839,0.4767,0.4938,0.548,0.4753,0.4623,0.4438,0.5316,0.4753,0.5171,0.5192,0.5316,0.2878,0.1964,0.1752,0.0,49.38,,,1.0,1.0,1.0,1.0,0.6667,0.5,0.625,0.5,0.25,0.4653,0.4802,0.4312,0.5,0.4404,0.4078,0.5123,0.4842,,,,0.3333,0.1667,0.1667,0.25,0.5,0.4375,0.4,0.5286,0.539,0.4524,0.4897,0.443,0.4501,0.4641,0.4858,0.4842,,,,0.3333,0.6667,0.6667,0.7778,0.5833,0.5625,0.45,0.3939,0.5467,0.5154,0.4821,0.4129,0.4404,0.4078,0.4892,0.4842
NCI-H2110,278,70,12,50.86,0.5331,0.5314,0.4963,0.5992,0.5543,0.5567,0.4914,0.4645,0.5665,0.518,0.498,0.5902,0.4882,0.3762,0.2305,0.2981,0.0,20.0,1.0,1.0,0.5,0.5,0.3333,0.25,0.25,0.2,0.1667,0.1667,0.4889,0.4815,0.4923,0.5261,0.55,0.535,0.5262,0.5282,0.5331,,,,,0.6667,0.75,0.75,0.625,0.5,0.5,0.375,0.6091,0.5455,0.5327,0.525,0.5084,0.5319,0.5464,0.5331,1.0,1.0,0.5,0.5,0.3333,0.25,0.25,0.2,0.6,0.6,0.4667,0.4907,0.5204,0.5658,0.5455,0.54,0.5293,0.5282,0.5331
NCI-H2122,320,81,12,56.61,0.5743,0.6572,0.624,0.6661,0.5451,0.6074,0.6419,0.5723,0.5166,0.5468,0.4443,0.5696,0.4264,0.3492,0.2152,0.2518,0.0,40.74,,,,,0.75,0.75,0.6,0.5,0.6667,0.5714,0.5667,0.4912,0.5417,0.5687,0.5587,0.586,0.594,0.5845,0.5743,0.0,0.0,0.5,0.3333,0.25,0.25,0.375,0.4,0.4167,0.5,0.6667,0.6688,0.5615,0.5725,0.5341,0.5581,0.5645,0.5728,0.5743,1.0,1.0,0.5,0.6667,0.75,0.75,0.6,0.8,0.6667,0.5714,0.4423,0.5833,0.5652,0.5489,0.5914,0.5847,0.594,0.5845,0.5743
NCI-H2135,326,82,12,21.81,0.472,0.5045,0.4674,0.475,0.4818,0.528,0.4636,0.4818,0.4538,0.411,0.5894,0.4629,0.5197,0.2232,0.181,0.1294,28.05,53.66,,,,1.0,0.75,0.75,0.875,0.7,0.5833,0.5,0.2333,0.5833,0.71,0.761,0.7166,0.6097,0.6271,0.5376,0.472,,,,,0.75,0.75,0.875,0.7,0.5833,0.7222,0.6346,0.5595,0.6429,0.6939,0.659,0.6125,0.5894,0.5157,0.472,,,,1.0,0.75,0.75,0.875,0.7,0.5833,0.5,0.5,0.5595,0.6429,0.6939,0.7148,0.6776,0.5989,0.5376,0.472
NCI-H2170,316,80,12,36.36,0.3887,0.4193,0.4258,0.4753,0.472,0.4421,0.4193,0.3828,0.4434,0.4193,0.3887,0.4141,0.4368,0.3032,0.1948,0.1823,0.0,56.25,,,0.0,0.0,0.0,0.3333,0.2222,0.1667,0.375,0.375,0.4531,0.5455,0.4844,0.4925,0.4896,0.441,0.4117,0.3721,0.3887,1.0,1.0,0.5,0.25,0.25,0.1667,0.2222,0.1667,0.2667,0.2667,0.2833,0.3427,0.3198,0.4311,0.4261,0.4321,0.4246,0.4219,0.3887,0.0,0.0,0.5,0.6667,0.6667,0.6667,0.5,0.4167,0.375,0.375,0.5079,0.3286,0.4196,0.5163,0.4896,0.4725,0.4117,0.396,0.3887
NCI-H2172,273,69,12,11.4,0.6037,0.5917,0.6741,0.613,0.6333,0.5981,0.6,0.6333,0.6778,0.5519,0.4185,0.4889,0.4833,0.1001,0.1021,0.027,69.57,82.61,,,,,,,,,,,,0.8,0.7885,0.7292,0.7105,0.7209,0.724,0.6708,0.6037,,,,,,,,,,,,0.65,0.8267,0.7604,0.6974,0.7209,0.7161,0.6708,0.6037,,,,,,,,,,,,0.7895,0.7308,0.7604,0.7039,0.7209,0.7188,0.6708,0.6037
NCI-H2228,315,79,12,25.13,0.5769,0.6167,0.5693,0.6006,0.6518,0.5389,0.5816,0.6006,0.5009,0.5849,0.4526,0.5104,0.5361,0.2342,0.1836,0.1198,10.13,54.43,,,,,,1.0,0.8,0.6667,0.8333,0.8333,0.625,0.6019,0.4167,0.4242,0.4843,0.4696,0.4614,0.5345,0.5769,,,,,,,,,,,0.5641,0.4375,0.4615,0.3983,0.453,0.4761,0.5294,0.5333,0.5769,,,,,,,,,0.5714,0.5714,0.4872,0.4947,0.4167,0.4026,0.4188,0.463,0.4614,0.5345,0.5769
NCI-H226,342,86,12,22.66,0.5146,0.554,0.5146,0.6244,0.5493,0.6225,0.5099,0.539,0.57,0.4526,0.4394,0.4977,0.369,0.237,0.1789,0.1287,22.09,60.47,,,1.0,0.6667,0.8333,0.625,0.5,0.5,0.4167,0.3571,0.1562,0.5524,0.3867,0.4881,0.5168,0.4765,0.4608,0.5312,0.5146,,,,0.6667,0.5,0.75,0.75,0.75,0.6667,0.6111,0.3778,0.4205,0.4885,0.4054,0.4517,0.5236,0.5288,0.5608,0.5146,,,,0.6667,0.5,0.625,0.5,0.5,0.6667,0.6111,0.4444,0.4659,0.3867,0.5679,0.5548,0.4765,0.5117,0.5312,0.5146
NCI-H2291,278,70,12,13.79,0.5915,0.6055,0.5855,0.6109,0.6073,0.5709,0.5648,0.5067,0.5842,0.5733,0.6182,0.5091,0.5648,0.1094,0.1083,0.0307,61.43,85.71,,,,,,,,,,,0.7273,0.4444,0.6,0.6122,0.5625,0.5333,0.5109,0.5376,0.5915,1.0,1.0,1.0,1.0,1.0,1.0,1.0,0.8,0.9,0.9,0.4848,0.4444,0.6591,0.6122,0.6061,0.6148,0.5556,0.5815,0.5915,,,,,,,,,0.5,0.5,0.3333,0.3889,0.6591,0.6122,0.6128,0.5692,0.5596,0.5376,0.5915
NCI-H23,339,85,12,44.58,0.5468,0.5677,0.5674,0.5669,0.5195,0.6154,0.5658,0.6171,0.5903,0.4844,0.5178,0.5031,0.4404,0.3528,0.2097,0.2587,0.0,40.0,1.0,1.0,0.5,0.3333,0.25,0.2,0.2,0.6,0.5,0.6667,0.7361,0.6036,0.5903,0.6104,0.6077,0.6089,0.5606,0.5404,0.5468,0.0,0.0,0.0,0.3333,0.25,0.625,0.625,0.75,0.8125,0.85,0.6857,0.6848,0.6319,0.5548,0.5559,0.5294,0.5132,0.5298,0.5468,1.0,1.0,1.0,1.0,0.6667,0.625,0.625,0.75,0.6667,0.75,0.6528,0.6607,0.609,0.632,0.6046,0.577,0.5606,0.541,0.5468
NCI-H2342,264,67,12,26.59,0.6757,0.6372,0.6395,0.3367,0.5147,0.6542,0.5442,0.4172,0.5578,0.7171,0.5737,0.3163,0.6293,0.2656,0.2004,0.1441,0.0,52.24,,,,,,,,,,,1.0,0.65,0.8194,0.8274,0.7689,0.7753,0.7464,0.7014,0.6757,,,,,0.6667,0.75,0.75,0.8,0.8333,0.8333,0.8182,0.8519,0.6944,0.7586,0.7563,0.7339,0.6885,0.7042,0.6757,,,,,,,,,,,0.9231,0.8889,0.7361,0.725,0.7269,0.7324,0.7464,0.6681,0.6757
NCI-H2347,271,68,12,29.79,0.544,0.5135,0.5275,0.4899,0.513,0.5411,0.5256,0.4638,0.515,0.5179,0.5333,0.5159,0.5575,0.2812,0.1925,0.163,1.47,51.47,1.0,1.0,0.5,0.5,0.3333,0.6667,0.6667,0.5,0.6667,0.6667,0.5333,0.4111,0.3946,0.5375,0.6005,0.5566,0.5345,0.5773,0.544,1.0,1.0,1.0,1.0,1.0,0.8333,0.8333,0.75,0.7,0.7,0.5455,0.4265,0.4688,0.5573,0.5769,0.5469,0.5631,0.5621,0.544,,,1.0,1.0,0.6667,0.5,0.5,0.625,0.7,0.7,0.35,0.4333,0.4562,0.5573,0.5549,0.5566,0.5345,0.5773,0.544
NCI-H2405,318,80,12,20.1,0.6905,0.6223,0.605,0.4188,0.5996,0.6439,0.6591,0.2933,0.6591,0.6299,0.5097,0.5898,0.6558,0.2073,0.1785,0.0968,16.25,63.75,,,,,,,,,,,0.6,0.3913,0.65,0.7361,0.75,0.7318,0.6687,0.6692,0.6905,,,,,,,,,0.4286,0.4286,0.4,0.6818,0.6,0.6216,0.7103,0.6706,0.6788,0.6706,0.6905,,,,,,,,,0.5714,0.5714,0.5333,0.6818,0.6167,0.6396,0.7341,0.6793,0.6687,0.6692,0.6905
NCI-H2444,274,69,12,8.16,0.4293,0.4444,0.3687,0.3131,0.404,0.2677,0.3788,0.3535,0.2576,0.2551,0.4949,0.3687,0.4192,0.0924,0.0991,0.0261,69.57,81.16,0.0,0.0,0.0,0.0,0.0,0.0,0.0,0.0,0.0,0.0,0.0,0.0,0.0,0.5,0.4125,0.3511,0.5346,0.4722,0.4293,0.0,0.0,0.0,0.0,0.0,0.0,0.0,0.0,0.0,0.0,0.0,0.0,0.0,0.4697,0.4,0.3511,0.3056,0.4722,0.4293,,,,,,,,,,,0.0,0.0,0.0,0.4848,0.4,0.3511,0.3056,0.4722,0.4293
NCI-H292,278,70,12,68.39,0.6133,0.5254,0.5541,0.556,0.5088,0.5106,0.5421,0.555,0.5393,0.5837,0.7253,0.5652,0.5902,0.2996,0.1969,0.1785,0.0,51.43,,,1.0,1.0,0.6667,0.5,0.5,0.4,0.3333,0.3333,0.3333,0.6625,0.5986,0.632,0.5455,0.5796,0.5703,0.6174,0.6133,,,,,,,,,,,0.1538,0.55,0.5682,0.652,0.6101,0.5804,0.5154,0.5718,0.6133,,,,,,,,,0.3333,0.3333,0.3333,0.5294,0.5833,0.616,0.5972,0.5342,0.5688,0.5897,0.6133
NCI-H3122,312,78,12,40.77,0.5808,0.6274,0.5598,0.5944,0.5374,0.6101,0.6155,0.5316,0.5448,0.4664,0.5306,0.519,0.5027,0.3472,0.2014,0.2394,1.28,43.59,,,0.5,0.5,0.5,0.5,0.5,0.5,0.6667,0.6667,0.5636,0.5547,0.575,0.5286,0.5441,0.5378,0.56,0.548,0.5808,0.0,0.0,0.0,0.3333,0.3333,0.25,0.625,0.7,0.6667,0.6667,0.5417,0.5798,0.6292,0.6029,0.5865,0.556,0.55,0.5479,0.5808,,,1.0,1.0,1.0,0.5,0.5,0.5,0.6667,0.6667,0.6333,0.5859,0.5708,0.6005,0.5216,0.5378,0.5427,0.548,0.5808
NCI-H322M,339,85,12,22.17,0.6263,0.5943,0.5735,0.5528,0.5484,0.6765,0.6228,0.6021,0.6799,0.5766,0.7439,0.6168,0.6107,0.2,0.1618,0.0868,28.24,69.41,,,,,,,,,,,0.8095,0.6381,0.4621,0.6071,0.5635,0.5788,0.5231,0.5918,0.6263,,,,,,,,0.8333,0.8571,0.875,0.7619,0.6286,0.4621,0.5198,0.5029,0.512,0.5224,0.541,0.6263,,,,,,,,,,,0.8269,0.6381,0.4621,0.5198,0.5174,0.4837,0.5655,0.5565,0.6263
NCI-H358,317,80,12,41.81,0.6809,0.6812,0.6389,0.7086,0.6312,0.7299,0.6647,0.7257,0.6654,0.619,0.4597,0.6825,0.666,0.3293,0.2066,0.2151,0.0,50.0,1.0,1.0,1.0,1.0,1.0,1.0,0.8889,0.8333,0.875,0.875,0.8906,0.8194,0.7381,0.6982,0.6958,0.6706,0.6787,0.681,0.6809,,,,,,,,1.0,1.0,1.0,0.5897,0.5852,0.668,0.5962,0.6414,0.6585,0.6759,0.6753,0.6809,,,,,,,,0.3333,0.6667,0.6667,0.7778,0.6889,0.6842,0.6979,0.6821,0.6784,0.669,0.681,0.6809
NCI-H441,321,81,12,8.71,0.4189,0.2625,0.3861,0.6544,0.4498,0.4199,0.4923,0.5792,0.4093,0.5087,0.5077,0.5502,0.5,0.0743,0.0856,0.0117,75.31,93.83,1.0,1.0,0.5,0.3333,0.25,0.25,0.2,0.1667,0.1429,0.125,0.3333,0.4394,0.4569,0.3581,0.4364,0.3692,0.4322,0.4697,0.4189,,,,,,,,0.5,0.4286,0.5,0.7143,0.5595,0.5172,0.4889,0.4182,0.4804,0.4322,0.4654,0.4189,,,,,,,,,,,0.8667,0.4762,0.4828,0.4667,0.4227,0.3692,0.4322,0.4675,0.4189
NCI-H460,274,69,12,51.9,0.4803,0.4141,0.4385,0.4936,0.5462,0.5521,0.5128,0.5731,0.4966,0.5368,0.4274,0.5427,0.4154,0.359,0.2073,0.2625,0.0,47.83,1.0,1.0,1.0,1.0,0.75,0.6667,0.6667,0.5556,0.5,0.5,0.4082,0.4,0.4103,0.4216,0.4444,0.455,0.4636,0.4716,0.4803,1.0,1.0,1.0,1.0,1.0,1.0,1.0,0.875,0.5833,0.5833,0.375,0.4712,0.5052,0.5033,0.4909,0.4433,0.4649,0.4747,0.4803,1.0,1.0,1.0,1.0,1.0,0.6667,0.6667,0.5556,0.5833,0.5833,0.4286,0.3889,0.3949,0.4178,0.45,0.4582,0.4636,0.4716,0.4803
NCI-H520,317,80,12,46.1,0.5301,0.5633,0.4821,0.5719,0.4936,0.4942,0.4955,0.4891,0.5326,0.4508,0.5627,0.5121,0.5077,0.3831,0.2261,0.304,0.0,28.75,,,1.0,0.6667,0.6667,0.6667,0.625,0.6,0.5833,0.5833,0.6032,0.6014,0.5304,0.526,0.5227,0.5404,0.5397,0.535,0.5301,0.0,0.0,0.0,0.0,0.0,0.0,0.5,0.6,0.6667,0.6667,0.5,0.5294,0.5917,0.6087,0.5786,0.5651,0.548,0.5438,0.5301,1.0,1.0,1.0,1.0,1.0,0.8333,0.625,0.5,0.4167,0.4167,0.65,0.625,0.5182,0.504,0.5339,0.5296,0.5397,0.535,0.5301
NCI-H522,312,78,12,37.69,0.5763,0.5968,0.5423,0.6466,0.5573,0.6332,0.5281,0.4676,0.6648,0.6119,0.5067,0.5945,0.5526,0.3562,0.2179,0.263,0.0,35.9,,,,,,1.0,1.0,0.8,0.8667,0.8667,0.5208,0.5263,0.5833,0.5586,0.5051,0.5567,0.5524,0.5647,0.5763,,,,,,,,,,,0.5208,0.5042,0.5217,0.5741,0.5771,0.5901,0.6163,0.5761,0.5763,,,,,,,,0.6667,0.5714,0.5714,0.5208,0.4947,0.6184,0.5655,0.5381,0.5567,0.5524,0.5647,0.5763
NCI-H596,318,80,12,24.37,0.6407,0.7036,0.5942,0.6698,0.6291,0.5738,0.4967,0.5433,0.5665,0.6451,0.6335,0.3658,0.5978,0.2279,0.1794,0.108,13.75,58.75,,,,,,,,,,,0.7949,0.55,0.5769,0.6237,0.6412,0.6719,0.6256,0.62,0.6407,,,,,,,,,0.5714,0.5714,0.75,0.7158,0.6286,0.6308,0.644,0.6472,0.6727,0.6717,0.6407,,,,,,,1.0,0.8333,0.7143,0.7143,0.75,0.6632,0.6343,0.5771,0.5605,0.6439,0.6585,0.62,0.6407
NCI-H647,272,69,12,61.88,0.5974,0.6654,0.5803,0.6408,0.6087,0.604,0.6541,0.3204,0.6437,0.5454,0.5161,0.4234,0.5189,0.3367,0.2196,0.2391,0.0,42.03,,,,,,,,,,,,0.9118,0.9333,0.8217,0.7358,0.6783,0.6316,0.5837,0.5974,1.0,1.0,0.5,0.5,0.75,0.5,0.5,0.375,0.4167,0.4167,0.7111,0.7556,0.7625,0.7101,0.7365,0.714,0.6387,0.6145,0.5974,,,,,,,,,,,0.9231,0.9556,0.9333,0.8217,0.7284,0.6496,0.6373,0.5837,0.5974
NCI-H650,322,81,12,35.98,0.5497,0.5261,0.4656,0.4994,0.5255,0.5829,0.5364,0.5344,0.5268,0.5529,0.5855,0.5612,0.5274,0.3041,0.199,0.1965,0.0,44.44,,,1.0,0.6667,0.5,0.5,0.4,0.3333,0.2857,0.25,0.7,0.5,0.6468,0.5847,0.5772,0.6317,0.5957,0.5822,0.5497,,,,,0.5,0.5,0.4,0.3333,0.2857,0.25,0.6346,0.5789,0.6033,0.5385,0.5455,0.5595,0.542,0.5484,0.5497,,,1.0,0.6667,0.5,0.5,0.4,0.3333,0.2857,0.25,0.5769,0.5,0.5435,0.5794,0.5772,0.6078,0.5966,0.5822,0.5497
NCI-H661,318,80,12,37.94,0.5547,0.514,0.5413,0.548,0.4707,0.4913,0.5787,0.5707,0.5133,0.5467,0.566,0.572,0.5427,0.3283,0.2111,0.2233,0.0,38.75,,,1.0,0.6667,0.6667,0.5,0.4,0.3333,0.2857,0.2857,0.359,0.6484,0.6802,0.6445,0.6261,0.5758,0.5709,0.5416,0.5547,,,0.5,0.3333,0.3333,0.25,0.2,0.3333,0.2857,0.2857,0.359,0.4706,0.5121,0.5698,0.649,0.6302,0.5769,0.5621,0.5547,1.0,1.0,1.0,0.6667,0.6667,0.5,0.4,0.3333,0.2857,0.2857,0.5,0.6328,0.6625,0.6717,0.5735,0.5265,0.5508,0.5601,0.5547
NCI-H720,337,85,12,28.91,0.5082,0.5618,0.5895,0.5389,0.5301,0.5034,0.5642,0.5895,0.5068,0.5348,0.4781,0.5403,0.5055,0.2433,0.1744,0.1233,7.06,62.35,0.0,0.0,0.0,0.0,0.0,0.0,0.0,0.0,0.0,0.0,0.65,0.5486,0.4578,0.5134,0.5333,0.5437,0.4567,0.4872,0.5082,0.0,0.0,0.5,0.5,0.5,0.6667,0.6667,0.6667,0.5333,0.5556,0.7121,0.6078,0.5692,0.5538,0.5589,0.541,0.5623,0.5322,0.5082,0.0,0.0,0.0,0.5,0.5,0.5,0.5,0.5,0.5,0.6667,0.7121,0.4737,0.4622,0.6034,0.5296,0.5397,0.4941,0.4872,0.5082
NCI-H727,317,80,12,23.17,0.5645,0.5962,0.4922,0.501,0.5166,0.6729,0.6006,0.6582,0.6768,0.4429,0.457,0.5312,0.54,0.2424,0.177,0.1218,17.5,61.25,,,,,,,,1.0,0.8571,0.8571,0.5357,0.6,0.6457,0.5469,0.4375,0.435,0.482,0.5124,0.5645,,,1.0,0.6667,0.6667,0.5,0.6,0.5,0.5714,0.5714,0.5897,0.6,0.4963,0.4892,0.4969,0.4957,0.5417,0.5554,0.5645,,,,,,1.0,1.0,1.0,0.8571,0.8571,0.6923,0.6,0.5259,0.5152,0.4375,0.4326,0.4906,0.5542,0.5645
NCI-H810,320,81,12,53.62,0.6171,0.5101,0.5835,0.4902,0.6091,0.5817,0.6116,0.5756,0.7323,0.5421,0.4701,0.5436,0.5171,0.3725,0.2149,0.2843,0.0,37.04,1.0,1.0,0.5,0.75,0.8333,0.8333,0.5556,0.4167,0.5,0.45,0.5286,0.5962,0.625,0.6524,0.6533,0.6519,0.625,0.6224,0.6171,1.0,1.0,1.0,1.0,1.0,1.0,0.6667,0.6667,0.6667,0.75,0.6111,0.5192,0.5296,0.5952,0.5471,0.5417,0.5838,0.6026,0.6171,1.0,1.0,0.5,0.5,0.5,0.5,0.3333,0.25,0.2,0.1667,0.4697,0.5909,0.6287,0.6627,0.6383,0.6429,0.6269,0.6224,0.6171
NCI-H835,175,44,12,36.99,0.5021,0.3979,0.4792,0.4458,0.4146,0.5312,0.5438,0.5458,0.5042,0.4812,0.4917,0.5854,0.4708,0.3313,0.2086,0.2244,0.0,47.73,,,,,1.0,1.0,0.6667,0.6667,0.6667,0.5,0.4286,0.6,0.5,0.6154,0.6703,0.6292,0.5281,0.5126,0.5021,0.0,0.0,0.0,0.0,0.5,0.5,0.5,0.5,0.5,0.6667,0.6111,0.5,0.6104,0.4857,0.4506,0.4868,0.4513,0.5126,0.5021,,,,,,,0.6667,0.6667,0.6667,0.5,0.6667,0.6,0.5417,0.6154,0.6056,0.6292,0.5281,0.5126,0.5021
NCI-H838,274,69,12,41.69,0.5208,0.5331,0.4754,0.5747,0.4612,0.4698,0.5416,0.6181,0.5217,0.4953,0.4934,0.5047,0.5274,0.3635,0.2216,0.2751,0.0,31.88,,,,,,,,,,,0.6667,0.6125,0.6054,0.6136,0.55,0.5772,0.538,0.5233,0.5208,,,,,,,,0.6,0.6667,0.6667,0.6667,0.65,0.6439,0.568,0.5689,0.551,0.5531,0.5267,0.5208,,,,,,,,,,,0.7083,0.6375,0.625,0.5812,0.55,0.5451,0.5395,0.5233,0.5208
PC-14,323,81,12,56.19,0.6596,0.6899,0.6489,0.7531,0.7096,0.5926,0.6039,0.5982,0.5889,0.653,0.4944,0.6352,0.617,0.344,0.205,0.2433,4.94,44.44,1.0,1.0,0.5,0.3333,0.25,0.25,0.2,0.1667,0.1429,0.5,0.619,0.693,0.7438,0.7196,0.724,0.7091,0.7133,0.689,0.6596,,,0.0,0.3333,0.6667,0.6667,0.625,0.5,0.5,0.5,0.7121,0.6067,0.6962,0.7129,0.7408,0.7072,0.6608,0.6682,0.6596,1.0,1.0,0.5,0.3333,0.25,0.25,0.2,0.1667,0.1429,0.5,0.7,0.7222,0.7355,0.7436,0.7204,0.7263,0.7027,0.689,0.6596
PC-3_[JPC-3],266,67,12,27.93,0.407,0.4773,0.4864,0.4535,0.4671,0.4422,0.4433,0.4535,0.3288,0.3832,0.4206,0.4104,0.424,0.253,0.1837,0.1434,14.93,55.22,,,,,1.0,1.0,1.0,1.0,0.75,0.75,0.6531,0.4327,0.4647,0.3913,0.4148,0.3416,0.3829,0.3722,0.407,,,,,1.0,1.0,1.0,0.75,0.75,0.75,0.5208,0.3163,0.4136,0.4111,0.4656,0.4479,0.3966,0.4078,0.407,,,,,1.0,1.0,1.0,0.75,0.75,0.75,0.5208,0.3265,0.3827,0.3874,0.4203,0.4091,0.3829,0.4131,0.407
RERF-LC-KJ,322,81,12,34.0,0.5115,0.5124,0.5108,0.4885,0.5166,0.5089,0.537,0.5325,0.4936,0.5357,0.4777,0.4949,0.4898,0.28,0.1888,0.1669,1.23,51.85,1.0,1.0,1.0,1.0,0.5,0.5,0.625,0.4167,0.3125,0.45,0.4444,0.3766,0.3135,0.3386,0.4319,0.4458,0.4006,0.5141,0.5115,1.0,1.0,0.5,0.3333,0.25,0.25,0.25,0.2,0.1667,0.2222,0.3143,0.3636,0.3615,0.415,0.4561,0.4709,0.496,0.4911,0.5115,1.0,1.0,1.0,0.5,0.3333,0.3333,0.25,0.4167,0.375,0.3,0.4444,0.3571,0.3654,0.3333,0.4337,0.4484,0.4317,0.4929,0.5115
RERF-LC-MS,277,70,12,48.41,0.5416,0.4937,0.5004,0.4912,0.4979,0.5585,0.5559,0.5929,0.5576,0.5458,0.4727,0.5559,0.5105,0.3625,0.2114,0.2662,0.0,44.29,,,0.5,0.5,0.3333,0.25,0.25,0.375,0.3,0.3,0.4583,0.4327,0.4111,0.4348,0.5082,0.4928,0.5241,0.5295,0.5416,,,0.5,0.5,0.75,0.8333,0.8333,0.875,0.9167,0.9167,0.5208,0.4423,0.4706,0.4533,0.5093,0.5354,0.5573,0.535,0.5416,,,0.5,0.5,0.3333,0.25,0.25,0.2,0.1667,0.1667,0.4,0.4038,0.4167,0.458,0.5059,0.4928,0.5375,0.5274,0.5416
RERF-LC-Sq1,320,80,12,27.0,0.6629,0.5709,0.5484,0.5889,0.5515,0.6011,0.6026,0.6316,0.6613,0.6445,0.6522,0.6911,0.6857,0.2354,0.1737,0.1228,17.5,55.0,,,,,,,,,1.0,1.0,0.4667,0.8375,0.7244,0.7168,0.6368,0.6922,0.7126,0.6712,0.6629,,,,1.0,1.0,1.0,0.8,0.8333,0.7143,0.7143,0.8462,0.775,0.7244,0.7204,0.7176,0.7007,0.6602,0.6644,0.6629,,,,,,1.0,1.0,0.8333,0.7143,0.7143,0.4667,0.8125,0.7115,0.6537,0.7153,0.6854,0.6884,0.6712,0.6629
SK-LU-1,318,80,12,31.66,0.568,0.5052,0.6044,0.513,0.5048,0.6016,0.6003,0.5652,0.5426,0.4966,0.465,0.4176,0.5488,0.3162,0.2127,0.2155,1.25,37.5,,,0.0,0.0,0.0,0.3333,0.2222,0.1667,0.1333,0.1333,0.3273,0.395,0.4682,0.4405,0.4391,0.4359,0.5023,0.5146,0.568,,,0.0,0.0,0.0,0.1667,0.2222,0.25,0.2667,0.2667,0.3667,0.3697,0.4219,0.4967,0.4727,0.5121,0.5116,0.5591,0.568,,,0.0,0.0,0.0,0.3333,0.3333,0.3333,0.375,0.375,0.2727,0.3333,0.3542,0.4405,0.4349,0.4736,0.5023,0.5146,0.568
SK-MES-1,322,81,12,41.19,0.5814,0.5738,0.5413,0.5726,0.5156,0.5338,0.5732,0.4865,0.5081,0.5961,0.5344,0.5526,0.6064,0.3405,0.2121,0.2384,0.0,40.74,,,,0.0,0.0,0.0,0.25,0.4,0.5,0.3889,0.2778,0.3701,0.4436,0.4725,0.5663,0.546,0.5254,0.5516,0.5814,,,0.0,0.0,0.1667,0.1667,0.125,0.1667,0.1875,0.15,0.3143,0.3867,0.4808,0.5075,0.5943,0.5758,0.5898,0.5932,0.5814,,,,,,,0.4,0.5,0.3333,0.2222,0.2714,0.3961,0.4115,0.5,0.5397,0.546,0.5254,0.5635,0.5814
SW1573,321,81,12,13.93,0.5724,0.4649,0.4514,0.5158,0.543,0.5645,0.4265,0.6233,0.4208,0.4949,0.474,0.5124,0.483,0.1329,0.1253,0.0489,54.32,74.07,,,,,,,,,,,0.625,0.7174,0.5323,0.7278,0.7041,0.6921,0.67,0.6487,0.5724,,,,,,,,,,,0.7667,0.6522,0.5161,0.7167,0.655,0.7106,0.7075,0.6487,0.5724,,,,,,,,,,,0.9375,0.6522,0.7,0.7333,0.655,0.7319,0.7411,0.6487,0.5724
UMC-11,316,80,12,47.98,0.7248,0.6501,0.6654,0.7029,0.6804,0.6673,0.6279,0.6341,0.6442,0.7104,0.6773,0.7048,0.6785,0.3504,0.2122,0.2516,0.0,47.5,,,,1.0,1.0,0.75,0.6,0.7,0.6667,0.6667,0.7818,0.7786,0.7733,0.7551,0.7448,0.742,0.739,0.7346,0.7248,,,,,,,1.0,1.0,0.9167,0.9167,0.8833,0.7832,0.7421,0.7525,0.7465,0.7342,0.7451,0.716,0.7248,,,,,,,0.6,0.5,0.4286,0.4286,0.7833,0.7778,0.7647,0.7469,0.7496,0.7423,0.7383,0.7346,0.7248
VMRC-LCD,216,55,12,29.15,0.6622,0.6321,0.6441,0.6216,0.6757,0.6261,0.5661,0.6667,0.6336,0.6344,0.4174,0.545,0.5841,0.2597,0.1854,0.1515,5.45,56.36,,,,,,,,,,1.0,0.8333,0.4762,0.5278,0.5833,0.605,0.5966,0.6016,0.6305,0.6622,,,,,,1.0,1.0,1.0,1.0,1.0,0.8889,0.6905,0.5278,0.6395,0.575,0.5897,0.5482,0.5933,0.6622,,,,,,,,,,,0.8333,0.4762,0.5278,0.7,0.605,0.5966,0.6016,0.6305,0.6622
